,train_rmse,val_rmse,test_rmse,train_mae,val_mae,test_mae,train_r2,val_r2,test_r2,method
Airport,8.886487216146145,8.629893158128583,8.670891002411034,6.415329350907539,6.109322979697248,6.248636192262896,0.8695440352092287,0.868085370375928,0.8655050886040134,linear_interpolation
Bandra,48.82140739904651,54.75303866027604,43.897797724195016,17.040980922915846,18.4891299465876,16.687497716261067,0.0864819500694104,0.07426385317638473,0.12456837441195057,linear_interpolation
Borivali,25.21418239048374,25.57428547476043,24.537858472503938,18.874396475877315,18.699435472112736,18.675970273388153,0.5531648099597956,0.5763472537289205,0.5539732660214811,linear_interpolation
Colaba,23.01101052205968,22.95449326642472,25.640313767083818,15.382313839888655,15.47584808583898,16.455005589270193,0.1439773380094158,0.18490638067526832,0.03339315547234811,linear_interpolation
Kandivali,26.451511023002706,26.765265610670433,28.40288699449387,20.144325655624666,20.03586873928829,20.23899819436844,0.5309838375402891,0.476272996678734,0.4451424827418905,linear_interpolation
Kurla,81.51974743458014,82.2505185508641,74.29723079306393,42.84959389869921,42.688424940275155,40.99822225024719,0.10779039871421126,0.09634968175184755,0.14068512730687877,linear_interpolation
Mahape,25.309561620885653,23.618004676803086,26.5427770390375,17.915966001823104,16.98494226436928,18.04118082906678,0.7412391379335298,0.7738842422451898,0.7274819782356692,linear_interpolation
Mulund,22.181959291892316,21.42509106786208,21.15131202549745,17.78654863770541,17.91946009224229,17.249438322170427,0.5927892351606323,0.6323887157519785,0.6140603470311988,linear_interpolation
Nerul,27.612416713226963,23.840514481227174,26.081222154316425,19.36003753740571,17.245602637778987,19.025320323016686,0.6068118168186794,0.6810749545679791,0.6549855871552202,linear_interpolation
Powai,15.074143205818991,14.806953876305988,14.608342998835424,11.383217814451372,11.141720538550876,11.257792481201776,0.7760270269889485,0.7917699576037749,0.7815775929022983,linear_interpolation
Sion,20.795426979989813,20.60030638540097,20.885867226751206,15.00553606921287,14.976311468641143,15.503419125582544,0.6847455977175463,0.6836999660119847,0.6708698349141209,linear_interpolation
Vileparle,22.010447575381992,19.779891581749705,20.485293151859054,16.160907293199315,15.01632969642655,15.461444927048626,0.6913036545582337,0.7139445844258294,0.7364227714175099,linear_interpolation
Worli,17.181960306341843,15.93173871385404,19.48938150465006,11.884718579811132,11.537540338881351,12.412645347021714,0.8287700895064273,0.8583464425274743,0.7819746188490202,linear_interpolation
Airport,9.890779717060642,9.811398049108563,8.805522892605408,6.878589960917324,6.748160683897948,6.236192491396585,0.8457287057085845,0.8330149924293819,0.8646071355419146,spatial_average
Bandra,25.738218263929166,23.124723779716188,31.484266002553067,16.04605154375453,15.391936127333096,15.957579292224269,0.2140722350220583,0.25901401952948344,0.16961793866514485,spatial_average
Borivali,24.646620106218432,24.596368072972986,25.507697217494865,17.698719931477438,17.539794740861247,18.261697373099416,0.5568207500220861,0.5731669220515403,0.5434417843300956,spatial_average
Colaba,19.00814552696251,19.82719960110351,20.479991885244736,14.130293965456039,14.7642520321936,14.192710522697729,0.3787323311970592,0.32550892678082266,0.24506289090426248,spatial_average
Kalyan,28.706300736432627,31.4570988699076,28.526742273148244,19.787743147005248,20.64918361924979,19.764224553584597,0.6443734980292357,0.591059715833949,0.6456769759055881,spatial_average
Kandivali,21.743393126496844,20.109435061011467,19.311130043215165,15.491522764682648,15.556328602259397,15.072615840824861,0.6655918097139941,0.7220723922747629,0.732748428352965,spatial_average
Kurla,33.876412664971895,30.792225701725386,34.91583987677219,21.588227881578845,21.676817355429545,21.014262644989188,0.4977264987399912,0.5209119938837918,0.4807981522179484,spatial_average
Mahape,25.808806677291155,22.95800302132602,23.294247268318518,17.9122000133713,16.941639595408613,17.733673022964453,0.7454520230273738,0.7577508300051847,0.727658736723644,spatial_average
Mulund,20.66570554972319,21.028846992577716,20.41817930614804,15.912938385200443,16.012151324043373,15.87973639043859,0.6038558114121331,0.6000769231102201,0.6077011560377582,spatial_average
Nerul,28.301785286679372,24.858620792317783,27.272621930222048,20.57850635735137,18.90652665918066,19.875434983573793,0.6099407672549317,0.673402379723713,0.6104706438321439,spatial_average
Powai,16.271432208519958,15.604495553077872,16.876702632823353,11.867609869231753,11.645231369571713,12.216169341022235,0.7385471106557002,0.766528158589063,0.7343041091157857,spatial_average
Sion,19.420202950113648,19.758489806144233,19.057299695652237,14.0150093930023,13.847063534469978,14.29066698363703,0.72764217831114,0.7069859604778601,0.7092435857606576,spatial_average
Vasai,18.74288650652083,17.4519870114376,19.14555282333035,14.639880665898648,13.498838108026028,14.880684396630175,0.6796840688688499,0.7093705574918481,0.6494196776535319,spatial_average
Vileparle,20.42757367957382,19.981129620844303,19.751941367127575,15.017092158565877,15.093496284924226,14.563477495688803,0.7243615011787188,0.7069575045918186,0.707265249729828,spatial_average
Worli,17.400434699213832,18.707673419408362,16.31678841603527,12.53476843404425,12.032069196365788,12.183151252148813,0.8041504279477073,0.7810664424086076,0.8143958885010301,spatial_average
Airport,10.054925958047356,9.85141107906499,9.773788226714197,7.020527381665085,6.705152637960897,6.698613848950963,0.8217548774265468,0.8123883365507816,0.8150394569547881,statistical_mean
Bandra,16.561961957584014,26.240783976619948,12.205735474932327,7.112895817447196,7.812661278478685,7.2849508229306705,0.24763980126687424,0.12251134316451673,0.41797487185214677,statistical_mean
Borivali,23.84259643845876,24.95465686434731,23.673518464265594,16.771532773133504,16.94213190450308,16.780150787813383,0.5162459138052495,0.5180224663423505,0.5183514071854121,statistical_mean
Colaba,15.394034808732657,13.991915850613207,18.447501086368106,10.113436664748132,9.758471979013914,11.28757419011743,0.20753020801091537,0.307983719122642,0.022478667380702033,statistical_mean
Kandivali,18.580324318619585,21.17347008208751,23.125636886865788,11.984523761245809,12.502912160035677,11.76488635469617,0.7400371244176662,0.6321900978425286,0.5912889346789416,statistical_mean
Kurla,34.32257871804594,29.850628778718324,36.14350672872409,22.11137768498551,21.6563031025771,22.21669069934295,0.4459529145754182,0.517229397135105,0.37377277227067485,statistical_mean
Mahape,25.623501750695798,23.796853923964253,26.99220572742195,17.408717711446744,16.35437520061652,17.643686395277342,0.707605527993008,0.753653462848137,0.6991702829260417,statistical_mean
Mulund,21.70277154378351,22.057667241527614,20.474119315657838,14.904392641038719,14.536223801353826,13.969404283667624,0.38038576638665833,0.36565122099182334,0.39669338984303903,statistical_mean
Nerul,27.05434986895092,24.182237521049597,26.917377785253834,18.562668231713232,16.701613027379572,19.011115651719898,0.42234959956724083,0.47484513868286027,0.4706102242233835,statistical_mean
Powai,20.349185433472616,20.231500354889405,20.273382442616835,15.711671261652967,15.565534587378611,15.711091399996434,0.5766296506582514,0.5995316748690789,0.5600034482623124,statistical_mean
Sion,20.74865489504772,20.664845609683248,20.68297464173303,15.037644691703065,15.041257866722118,15.427753640285667,0.6793583995398481,0.6779134154567044,0.6607649864810203,statistical_mean
Vileparle,20.479400571720234,18.928716219592236,20.09920561492369,14.930130510982558,14.208603369516018,14.60260728030175,0.6994344393855427,0.718741483806171,0.7212788225046562,statistical_mean
Worli,20.80704737221549,20.870283804965574,23.06907146688091,14.882679222331392,15.074581459396189,15.160372138960991,0.6439060146371156,0.6309814679174108,0.5896347722662152,statistical_mean
Airport,9.952319631880636,9.801746194125032,9.768525819053053,6.991440420982718,6.702809036310683,6.7101505517740225,0.825629810785451,0.8146130807532903,0.8154012664190314,statistical_median
Bandra,16.622089182268247,26.34399565670513,12.320285069605404,7.31399443739718,8.072535666826974,7.51277063511708,0.242193332774582,0.1161992131820736,0.4079697437105282,statistical_median
Borivali,23.87728995415035,25.031351782076225,23.673965749010804,16.847722595062965,17.067247749150233,16.867556241019873,0.5168892721308916,0.517779129121565,0.5220125465332893,statistical_median
Colaba,15.367456385495984,13.924502608272995,18.506999727242405,10.132401918385927,9.792181664824803,11.313641411621052,0.21417118751942044,0.3188318524206246,0.022183857377286564,statistical_median
Kandivali,18.618527157277704,21.344871451344403,23.13602763690805,12.18973349951693,12.71038132098442,11.983631189424914,0.7412354120960694,0.6297916175365013,0.5974499358141472,statistical_median
Kurla,34.17629794661895,29.631922094354632,35.98896948783552,21.94367919591825,21.436793908071174,22.032144158969004,0.4517467159982761,0.5255643454583827,0.3802125327219218,statistical_median
Mahape,25.572361687152956,23.781734754333915,26.998435421050278,17.298986379121985,16.284458600196757,17.58706365751274,0.709312802037682,0.7541564164965364,0.6996677773147317,statistical_median
Mulund,21.246154367523513,21.66595701420878,19.89478532967437,15.102671820624412,14.822446018795034,14.18713458943286,0.4120654981938229,0.3968852626738647,0.43561851512071215,statistical_median
Nerul,26.867603354957915,23.954039773104792,26.707053999614093,18.385628114267536,16.53190598776746,18.812281278199062,0.4313569585373226,0.48510673864582465,0.4787383323394351,statistical_median
Powai,20.28814723565016,20.215203841100987,20.20066995965245,15.688088058002092,15.545139764704144,15.719530695228725,0.5793463679567745,0.6003352967536177,0.5634040820882509,statistical_median
Sion,20.548399288118045,20.4606971250646,20.437446424973196,14.898281151133482,14.90538183297215,15.258785327018613,0.6856058058327805,0.6843419501356489,0.6688469746863086,statistical_median
Vileparle,20.497838970943214,19.01296126619492,20.104807519107617,14.981044763811232,14.332323309133956,14.684928619954231,0.699514449978416,0.7167492208922563,0.7216460292519453,statistical_median
Worli,20.732933763372284,20.813799295277548,22.905550216782192,14.935610219119901,15.109148910222174,15.1531457127802,0.6475796485363634,0.6342483161173539,0.5969660382194029,statistical_median
